mean_fit_time,std_fit_time,mean_score_time,std_score_time,param_learning_rate,param_l2_leaf_reg,param_iterations,param_depth,param_class_weights,param_border_count,params,split0_test_score,split1_test_score,split2_test_score,split3_test_score,split4_test_score,mean_test_score,std_test_score,rank_test_score
2.105798864364624,0.034172815686079175,0.014854526519775391,0.0026597323124112997,0.05,1,500,4,"[1, 3]",128,"{'learning_rate': 0.05, 'l2_leaf_reg': 1, 'iterations': 500, 'depth': 4, 'class_weights': [1, 3], 'border_count': 128}",0.838737949167397,0.8530689293178337,0.8650090050177692,0.8268989993354586,0.8409410484344753,0.8449311862545867,0.013029035413096622,18
3.710370588302612,0.03035229898111546,0.011704397201538087,0.0037421102488843154,0.1,3,300,8,"[1, 3]",128,"{'learning_rate': 0.1, 'l2_leaf_reg': 3, 'iterations': 300, 'depth': 8, 'class_weights': [1, 3], 'border_count': 128}",0.8195144032129134,0.8349120204948427,0.8483593531796862,0.8098737371305293,0.8049017152873419,0.8235122458610625,0.016097683797812422,37
2.9344330787658692,0.07014217035159824,0.012800216674804688,0.0024828274502410744,0.05,5,500,6,"[1, 1]",64,"{'learning_rate': 0.05, 'l2_leaf_reg': 5, 'iterations': 500, 'depth': 6, 'class_weights': [1, 1], 'border_count': 64}",0.8354369119049225,0.8498401248182142,0.8570296924810509,0.8229334206547179,0.8339537325076325,0.8398387764733076,0.012127289651120813,24
6.941031217575073,0.09346147773429404,0.011785221099853516,0.003083979001862139,0.1,1,700,8,"[1, 2]",64,"{'learning_rate': 0.1, 'l2_leaf_reg': 1, 'iterations': 700, 'depth': 8, 'class_weights': [1, 2], 'border_count': 64}",0.8045838911307799,0.8215898912656143,0.8313557608036135,0.8014297271527772,0.7957883483737997,0.8109495237453169,0.013346467519451618,50
1.238515043258667,0.03043901133149041,0.017603015899658202,0.002573510219028459,0.1,5,300,4,"[1, 2]",128,"{'learning_rate': 0.1, 'l2_leaf_reg': 5, 'iterations': 300, 'depth': 4, 'class_weights': [1, 2], 'border_count': 128}",0.8391641224682418,0.850249443807726,0.8631622540474424,0.8264631949995667,0.8399273819957431,0.843793279463744,0.012276361999534578,20
11.0125723361969,0.09332009530501846,0.011574792861938476,0.0025118567620972614,0.05,5,700,8,"[1, 2]",255,"{'learning_rate': 0.05, 'l2_leaf_reg': 5, 'iterations': 700, 'depth': 8, 'class_weights': [1, 2], 'border_count': 255}",0.8190039583554043,0.8437364563569647,0.8508658300507556,0.8194036463098691,0.8141643632441178,0.8294348508634222,0.014875746462354213,33
1.6383671283721923,0.04088052235340272,0.011752033233642578,0.002874139175429075,0.01,1,300,6,"[1, 6]",64,"{'learning_rate': 0.01, 'l2_leaf_reg': 1, 'iterations': 300, 'depth': 6, 'class_weights': [1, 6], 'border_count': 64}",0.8477429669366567,0.8585947356762431,0.8625855958239832,0.8311077616511445,0.844138552070191,0.8488339224316437,0.011151999453236031,7
3.0099645614624024,0.03758448086642662,0.014251279830932616,0.00226753771378652,0.1,3,700,4,"[1, 4]",128,"{'learning_rate': 0.1, 'l2_leaf_reg': 3, 'iterations': 700, 'depth': 4, 'class_weights': [1, 4], 'border_count': 128}",0.8244045612581985,0.8395204707649931,0.8508080438404715,0.8101361828355694,0.8244671629860061,0.8298672843370477,0.014000131694357085,32
2.8682275295257567,0.09305362183556905,0.015468645095825195,0.004584468401344366,0.01,5,500,6,"[1, 2]",64,"{'learning_rate': 0.01, 'l2_leaf_reg': 5, 'iterations': 500, 'depth': 6, 'class_weights': [1, 2], 'border_count': 64}",0.8481643247199776,0.8588042106885228,0.8626373626373625,0.8309079176739125,0.8499918136202098,0.850101125867997,0.01100039368719879,4
1.8014578819274902,0.1326214615386918,0.01088252067565918,0.0038542742323907525,0.1,3,300,6,"[1, 2]",64,"{'learning_rate': 0.1, 'l2_leaf_reg': 3, 'iterations': 300, 'depth': 6, 'class_weights': [1, 2], 'border_count': 64}",0.8220353266365537,0.8438399899837237,0.8527751827488901,0.8205256618928837,0.8234847974111779,0.8325321917346458,0.013219994449451277,28
5.665573596954346,0.06362962888333623,0.01261916160583496,0.0036268742263379727,0.01,3,500,6,"[1, 2]",255,"{'learning_rate': 0.01, 'l2_leaf_reg': 3, 'iterations': 500, 'depth': 6, 'class_weights': [1, 2], 'border_count': 255}",0.8485892941414412,0.8582504261733007,0.8628564686846897,0.8310523831996226,0.8507526653889492,0.8503002475176007,0.01090391081074495,2
5.194338703155518,0.07507317952061016,0.01460123062133789,0.003261609408303821,0.1,1,700,6,"[1, 2]",64,"{'learning_rate': 0.1, 'l2_leaf_reg': 1, 'iterations': 700, 'depth': 6, 'class_weights': [1, 2], 'border_count': 64}",0.7998935770627269,0.8265691363850871,0.8294078839652896,0.8041408635186024,0.8005918271036587,0.812120657607073,0.013066746184630032,49
1.6163532733917236,0.10689594005717966,0.015076971054077149,0.006134637273869304,0.01,3,300,4,"[1, 3]",128,"{'learning_rate': 0.01, 'l2_leaf_reg': 3, 'iterations': 300, 'depth': 4, 'class_weights': [1, 3], 'border_count': 128}",0.8497197368801225,0.856637227802872,0.8599382650653464,0.830216890909266,0.8473252207914784,0.848767468289817,0.010332769520896666,8
9.091609668731689,0.06426354790094214,0.012999200820922851,0.003033135055989756,0.05,1,700,8,"[1, 1]",128,"{'learning_rate': 0.05, 'l2_leaf_reg': 1, 'iterations': 700, 'depth': 8, 'class_weights': [1, 1], 'border_count': 128}",0.8186548333349384,0.8326655815700514,0.8460190116631834,0.804564629060685,0.8125030096984522,0.8228814130654619,0.014779433217413747,38
5.170033168792725,0.04896451543953898,0.015025043487548828,0.0006331286167677133,0.01,3,500,8,"[1, 2]",64,"{'learning_rate': 0.01, 'l2_leaf_reg': 3, 'iterations': 500, 'depth': 8, 'class_weights': [1, 2], 'border_count': 64}",0.8436618158353478,0.8564566458957343,0.8624086255549883,0.827866918357716,0.8438953684352458,0.8468578748158064,0.011946630646768538,14
2.9682489395141602,0.14448780919152207,0.010202121734619141,0.0026372129289856097,0.01,5,300,6,"[1, 4]",255,"{'learning_rate': 0.01, 'l2_leaf_reg': 5, 'iterations': 300, 'depth': 6, 'class_weights': [1, 4], 'border_count': 255}",0.8494946114358909,0.8577207192456974,0.862820352303262,0.8297834943321358,0.8477574134892277,0.8495153181612427,0.011285283068708084,5
6.8870800018310545,0.08630831017669785,0.01580076217651367,0.0037646325904392673,0.1,1,700,6,"[1, 6]",255,"{'learning_rate': 0.1, 'l2_leaf_reg': 1, 'iterations': 700, 'depth': 6, 'class_weights': [1, 6], 'border_count': 255}",0.8103384345715635,0.8283027226936078,0.8398455181978407,0.8060502162167368,0.8025950823935049,0.8174263948146507,0.014286609460849212,43
2.0060636043548583,0.030153854416601598,0.00972905158996582,0.003417144485347288,0.01,3,500,4,"[1, 4]",64,"{'learning_rate': 0.01, 'l2_leaf_reg': 3, 'iterations': 500, 'depth': 4, 'class_weights': [1, 4], 'border_count': 64}",0.8495271161791758,0.8585634348123392,0.8636149126946674,0.8305491616183991,0.84865309974863,0.8501815450106424,0.011304037718058534,3
1.8948290824890137,0.04807782302523937,0.012199497222900391,0.004215623955199299,0.05,5,300,6,"[1, 3]",64,"{'learning_rate': 0.05, 'l2_leaf_reg': 5, 'iterations': 300, 'depth': 6, 'class_weights': [1, 3], 'border_count': 64}",0.836007550731477,0.8502085119087748,0.8624206643487976,0.8234775741348923,0.8363614912694668,0.8416951584786817,0.01337685349628741,22
3.143249273300171,0.04340325453631446,0.009598541259765624,0.0028701102080707784,0.05,3,300,8,"[1, 4]",64,"{'learning_rate': 0.05, 'l2_leaf_reg': 3, 'iterations': 300, 'depth': 8, 'class_weights': [1, 4], 'border_count': 64}",0.8264872725871851,0.84386165981258,0.8559245312093691,0.8213346688368599,0.8224783542487312,0.834017297338945,0.013620102161797314,27
7.212487030029297,0.03762618384186857,0.012279748916625977,0.0013784204821719092,0.1,3,700,6,"[1, 6]",255,"{'learning_rate': 0.1, 'l2_leaf_reg': 3, 'iterations': 700, 'depth': 6, 'class_weights': [1, 6], 'border_count': 255}",0.8141378778977376,0.8324272134526298,0.8448825495275978,0.8169429168552744,0.8050991515058123,0.8226979418478104,0.014162824385425953,39
3.3149717807769776,0.025326604654933756,0.009601020812988281,0.0010206383268295085,0.05,3,700,4,"[1, 4]",128,"{'learning_rate': 0.05, 'l2_leaf_reg': 3, 'iterations': 700, 'depth': 4, 'class_weights': [1, 4], 'border_count': 128}",0.8326077953597674,0.8488120118269109,0.8632609721566779,0.8251846750970326,0.839537325076326,0.841880555903343,0.013231738624171267,21
4.4772217750549315,0.061675855990032516,0.012110519409179687,0.001383911139221432,0.01,5,700,6,"[1, 6]",64,"{'learning_rate': 0.01, 'l2_leaf_reg': 5, 'iterations': 700, 'depth': 6, 'class_weights': [1, 6], 'border_count': 64}",0.8448849572863596,0.8566926062543941,0.8637280773564735,0.8310138590594333,0.8446802977916037,0.8481999595496529,0.011242658045415176,12
8.602909374237061,0.048543302407521374,0.012401008605957031,0.004269226812314336,0.1,5,700,8,"[1, 3]",128,"{'learning_rate': 0.1, 'l2_leaf_reg': 5, 'iterations': 700, 'depth': 8, 'class_weights': [1, 3], 'border_count': 128}",0.8111691113443962,0.8223555585518776,0.8376664965183809,0.8066714179772899,0.804567036819447,0.8164859242422782,0.01224517994058347,45
3.0550700664520263,0.09082784838936493,0.012103843688964843,0.003582167527598301,0.01,1,300,8,"[1, 6]",64,"{'learning_rate': 0.01, 'l2_leaf_reg': 1, 'iterations': 300, 'depth': 8, 'class_weights': [1, 6], 'border_count': 64}",0.8428624399264188,0.8563531122689756,0.8612167849678805,0.8272890562548757,0.8413455519064633,0.8458133890649228,0.012001424468047429,16
6.46606035232544,0.06208397859404216,0.01248621940612793,0.0011363254289568302,0.1,1,700,6,"[1, 4]",255,"{'learning_rate': 0.1, 'l2_leaf_reg': 1, 'iterations': 700, 'depth': 6, 'class_weights': [1, 4], 'border_count': 255}",0.8105382785487956,0.83410782906839,0.8352009515462626,0.8077549094201154,0.8060140998353093,0.8187232136837747,0.013092140176416443,41
2.866918420791626,0.06685237718886419,0.012003040313720703,0.002606303693860717,0.1,5,700,4,"[1, 4]",128,"{'learning_rate': 0.1, 'l2_leaf_reg': 5, 'iterations': 700, 'depth': 4, 'class_weights': [1, 4], 'border_count': 128}",0.8240819215841126,0.8380637767140835,0.8536106750392465,0.815717367645501,0.8292802727509127,0.8321508027467711,0.012952945262366794,29
3.726839780807495,0.061683198696432275,0.008999109268188477,0.0036347414568756427,0.05,3,300,8,"[1, 3]",128,"{'learning_rate': 0.05, 'l2_leaf_reg': 3, 'iterations': 300, 'depth': 8, 'class_weights': [1, 3], 'border_count': 128}",0.8342330325240054,0.8430984002850788,0.8556476389517581,0.8212479895214339,0.8268989993354586,0.836225212123547,0.012163351518391768,26
1.1985948085784912,0.03611474341289203,0.010573482513427735,0.003746850282386956,0.01,1,300,4,"[1, 2]",64,"{'learning_rate': 0.01, 'l2_leaf_reg': 1, 'iterations': 300, 'depth': 4, 'class_weights': [1, 2], 'border_count': 64}",0.8493983010854175,0.8558041432712773,0.8598973331663954,0.8297160770868045,0.8468472806772545,0.8483326270574298,0.010387336807212405,11
5.276945400238037,0.014299016706894886,0.010094833374023438,0.0014183183729509624,0.1,5,500,8,"[1, 4]",64,"{'learning_rate': 0.1, 'l2_leaf_reg': 5, 'iterations': 500, 'depth': 8, 'class_weights': [1, 4], 'border_count': 64}",0.8160279685257774,0.8269278924406007,0.8386103379530198,0.8076898999335459,0.7952369716173396,0.8168986140940566,0.015011799173083764,44
2.785345458984375,0.10741505173585339,0.013322973251342773,0.0007542273468931591,0.05,3,500,4,"[1, 4]",255,"{'learning_rate': 0.05, 'l2_leaf_reg': 3, 'iterations': 500, 'depth': 4, 'class_weights': [1, 4], 'border_count': 255}",0.8394289759320435,0.8516772447534937,0.8656928085061302,0.8303613564349761,0.8395878880103245,0.8453496547273935,0.012221160174106592,17
2.7280236721038817,0.09383683310169734,0.012780380249023438,0.002762779373895247,0.1,3,700,4,"[1, 6]",64,"{'learning_rate': 0.1, 'l2_leaf_reg': 3, 'iterations': 700, 'depth': 4, 'class_weights': [1, 6], 'border_count': 64}",0.8174967013704962,0.838054145679036,0.847391434157429,0.814147508932785,0.8181058643372403,0.8270391308953974,0.013210616399072256,34
4.259761810302734,0.08918986985742416,0.014296340942382812,0.0017930511622670279,0.01,3,700,6,"[1, 4]",64,"{'learning_rate': 0.01, 'l2_leaf_reg': 3, 'iterations': 700, 'depth': 6, 'class_weights': [1, 4], 'border_count': 64}",0.8454844892180562,0.8563410734751663,0.8639471834038004,0.8311101694099065,0.8459419633828047,0.8485649757779468,0.011118631783255424,9
6.060179901123047,0.140566650572312,0.017540931701660156,0.007104798574178909,0.1,1,700,6,"[1, 4]",128,"{'learning_rate': 0.1, 'l2_leaf_reg': 1, 'iterations': 700, 'depth': 6, 'class_weights': [1, 4], 'border_count': 128}",0.8110222380599243,0.8232897689514692,0.83286061002976,0.8008350107386041,0.7978686519440245,0.8131752559447565,0.013274229187493523,48
9.775246572494506,0.43701305820392006,0.016100740432739256,0.002535260377435727,0.01,5,500,8,"[1, 6]",255,"{'learning_rate': 0.01, 'l2_leaf_reg': 5, 'iterations': 500, 'depth': 8, 'class_weights': [1, 6], 'border_count': 255}",0.8444611917442769,0.8545593319914091,0.8624038100374647,0.8286951873717869,0.8417307933083569,0.8463700628906589,0.011504025485807886,15
9.851627779006957,0.26436744494340775,0.014504289627075196,0.002564336191419835,0.1,5,500,8,"[1, 2]",255,"{'learning_rate': 0.1, 'l2_leaf_reg': 5, 'iterations': 500, 'depth': 8, 'class_weights': [1, 2], 'border_count': 255}",0.8093560689967352,0.83616887056852,0.8423953347266231,0.8159436969691133,0.8055638489468463,0.8218855640415675,0.014719755112873935,40
5.756951427459716,0.47302448623404386,0.009998941421508789,0.002448165645625685,0.05,3,300,8,"[1, 3]",255,"{'learning_rate': 0.05, 'l2_leaf_reg': 3, 'iterations': 300, 'depth': 8, 'class_weights': [1, 3], 'border_count': 255}",0.8295499417322381,0.8459275168302337,0.8554429794570023,0.8264704182758521,0.8294560391405266,0.8373693790871706,0.011335331035158571,25
2.630988359451294,0.04470460141221222,0.01535940170288086,0.0032876038687568916,0.01,5,300,6,"[1, 1]",128,"{'learning_rate': 0.01, 'l2_leaf_reg': 5, 'iterations': 300, 'depth': 6, 'class_weights': [1, 1], 'border_count': 128}",0.8480174514355058,0.8584261925629149,0.8607400487330373,0.8292730494746271,0.8503072300180101,0.8493527944448191,0.011116531472701847,6
12.12437481880188,0.05481300392146332,0.01360015869140625,0.002417927308465404,0.1,5,700,8,"[1, 3]",255,"{'learning_rate': 0.1, 'l2_leaf_reg': 5, 'iterations': 700, 'depth': 8, 'class_weights': [1, 3], 'border_count': 255}",0.815048010709711,0.8320251177394035,0.8329785902090897,0.8074202309522205,0.8023061513420846,0.8179556201905018,0.012553843108708978,42
3.2625569343566894,0.03645130110342595,0.016306638717651367,0.003895920542376572,0.1,5,700,4,"[1, 3]",64,"{'learning_rate': 0.1, 'l2_leaf_reg': 5, 'iterations': 700, 'depth': 4, 'class_weights': [1, 3], 'border_count': 64}",0.8176507979312536,0.8405871078964855,0.8541740905895158,0.8134324045805204,0.8239181939883078,0.8299525189972167,0.015234425563807533,31
3.3367915630340574,0.14799673277514866,0.012971782684326172,0.0032794992431732883,0.1,5,500,6,"[1, 1]",64,"{'learning_rate': 0.1, 'l2_leaf_reg': 5, 'iterations': 500, 'depth': 6, 'class_weights': [1, 1], 'border_count': 64}",0.8179758453641013,0.8406810104881971,0.849163544606139,0.8219245697335092,0.8210722231318199,0.8301634386647534,0.01241523205131296,30
3.067869853973389,0.07422764604298564,0.011199045181274413,0.0011667852295064408,0.05,5,300,6,"[1, 1]",255,"{'learning_rate': 0.05, 'l2_leaf_reg': 5, 'iterations': 300, 'depth': 6, 'class_weights': [1, 1], 'border_count': 255}",0.8428985563078464,0.8562519864009784,0.8636004661420963,0.8297786788146122,0.8443696969113271,0.8473798769153721,0.011668482628114828,13
2.9886680126190184,0.05295063833656299,0.013001489639282226,0.004519012287972061,0.05,5,500,4,"[1, 6]",255,"{'learning_rate': 0.05, 'l2_leaf_reg': 5, 'iterations': 500, 'depth': 4, 'class_weights': [1, 6], 'border_count': 255}",0.8372884783927728,0.8518385645905366,0.8663886507883002,0.8298725814063237,0.8388751914168215,0.8448526933189511,0.012883722217581377,19
3.2324965476989744,0.11060859727887487,0.014312648773193359,0.003241124988764732,0.01,1,700,4,"[1, 3]",64,"{'learning_rate': 0.01, 'l2_leaf_reg': 1, 'iterations': 700, 'depth': 4, 'class_weights': [1, 3], 'border_count': 64}",0.849293563579278,0.8591075882925139,0.8640507170305594,0.831786749621982,0.8505576369292409,0.8509592510907147,0.011029981876660985,1
9.568017864227295,0.0898251703829545,0.012421703338623047,0.0016447757451872212,0.05,3,700,8,"[1, 4]",128,"{'learning_rate': 0.05, 'l2_leaf_reg': 3, 'iterations': 700, 'depth': 8, 'class_weights': [1, 4], 'border_count': 128}",0.8181154953722876,0.8343100808043838,0.8450775779873062,0.8136587339041326,0.8079740154674423,0.8238271807071105,0.013775442547379814,36
2.5857720375061035,0.043802119947720576,0.00907149314880371,0.0022800843150160327,0.05,1,300,6,"[1, 6]",128,"{'learning_rate': 0.05, 'l2_leaf_reg': 1, 'iterations': 300, 'depth': 6, 'class_weights': [1, 6], 'border_count': 128}",0.8369586154424016,0.8487734876867217,0.861645366027487,0.8272457165971627,0.8314472556365631,0.8412140882780672,0.012515567156238937,23
4.672040939331055,0.08799652972212736,0.012816572189331054,0.001614702479030232,0.1,1,700,6,"[1, 4]",64,"{'learning_rate': 0.1, 'l2_leaf_reg': 1, 'iterations': 700, 'depth': 6, 'class_weights': [1, 4], 'border_count': 64}",0.8138658011576505,0.8239591258872591,0.833325307470794,0.8051930540975238,0.8045501825081142,0.8161786942242684,0.011097725088981809,46
8.439583921432495,0.44284522741174337,0.009154319763183594,0.0021042997917926107,0.1,1,700,8,"[1, 1]",128,"{'learning_rate': 0.1, 'l2_leaf_reg': 1, 'iterations': 700, 'depth': 8, 'class_weights': [1, 1], 'border_count': 128}",0.8073287361192707,0.8236774181121245,0.8409723492983792,0.7925378740453236,0.8022604039256099,0.8133553563001416,0.01709987689278707,47
6.651154327392578,0.12360674993494655,0.010025358200073243,0.0026447648841878136,0.05,3,700,8,"[1, 1]",64,"{'learning_rate': 0.05, 'l2_leaf_reg': 3, 'iterations': 700, 'depth': 8, 'class_weights': [1, 1], 'border_count': 64}",0.8189533954214059,0.8368045188816442,0.8460503125270872,0.8143449451512554,0.8161315021525363,0.8264569348267857,0.012653781275948546,35
3.3607029914855957,0.9104593890366622,0.007404422760009766,0.00426851906738265,0.01,1,300,8,"[1, 1]",255,"{'learning_rate': 0.01, 'l2_leaf_reg': 1, 'iterations': 300, 'depth': 8, 'class_weights': [1, 1], 'border_count': 255}",0.8461971858115592,0.8596878581541159,0.859307432269746,0.8286711097841686,0.8485447506043474,0.8484816673247874,0.011317746462095987,10
